0,4.0
0.00413966178894043,34.0
0.009850740432739258,365.0
0.01580977439880371,306.0
0.018826723098754883,4.0
0.024827241897583008,308.0
0.028827667236328125,3.0
0.03483223915100098,322.0
0.03777360916137695,1.0
0.04382634162902832,330.0
0.049829959869384766,222.0
0.0528261661529541,4.0
0.05878043174743652,286.0
0.06279349327087402,9.0
0.06912779808044434,293.0
0.07210540771484375,5.0
0.078094482421875,297.0
0.081085205078125,4.0
0.08719015121459961,299.0
0.09080290794372559,3.0
0.09689760208129883,317.0
0.1018059253692627,123.0
0.10617280006408691,8.0
0.11214280128479004,275.0
0.11513781547546387,4.0
0.12131595611572266,275.0
0.12435460090637207,4.0
0.13030052185058594,285.0
0.13370680809020996,2.0
0.13986659049987793,298.0
0.14312195777893066,9.0
0.14878153800964355,304.0
0.15478801727294922,119.0
0.15812230110168457,4.0
0.16379928588867188,270.0
0.1678299903869629,4.0
0.17383694648742676,285.0
0.1778125762939453,60.0
0.1828000545501709,2.0
0.18786215782165527,285.0
0.19080376625061035,4.0
0.19814515113830566,292.0
0.2001185417175293,8.0
0.20581364631652832,301.0
0.21219825744628906,258.0
0.2171785831451416,5.0
0.22116899490356445,264.0
0.2251598834991455,1.0
0.23264384269714355,279.0
0.2341001033782959,6.0
0.24013185501098633,286.0
0.24412202835083008,3.0
0.24917984008789062,294.0
0.2526845932006836,4.0
0.2587113380432129,305.0
0.2655205726623535,168.0
0.2685384750366211,4.0
0.27380990982055664,274.0
0.2798271179199219,12.0
0.28284645080566406,4.0
0.2887918949127197,281.0
0.29178309440612793,4.0
0.29976367950439453,289.0
0.3017616271972656,4.0
0.30684685707092285,306.0
0.31084322929382324,84.0
0.31655073165893555,94.0
0.3218045234680176,174.0
0.3256642818450928,4.0
0.33266401290893555,259.0
0.3360767364501953,32.0
0.33880090713500977,6.0
0.3448514938354492,279.0
0.34882426261901855,4.0
0.3538544178009033,286.0
0.358748197555542,2.0
0.3647475242614746,306.0
0.36778759956359863,14.0
0.3738274574279785,111.0
0.37781739234924316,6.0
0.38385915756225586,268.0
0.38787078857421875,7.0
0.39267730712890625,270.0
0.39585161209106445,4.0
0.40180420875549316,278.0
0.4057950973510742,4.0
0.41277599334716797,297.0
0.4157681465148926,4.0
0.4208064079284668,308.0
0.4269585609436035,147.0
0.43195319175720215,4.0
0.4368298053741455,267.0
0.4408447742462158,12.0
0.4448051452636719,5.0
0.44979143142700195,277.0
0.4537801742553711,4.0
0.4587676525115967,294.0
0.46375346183776855,3.0
0.4689369201660156,297.0
0.47670745849609375,66.0
0.47971296310424805,105.0
0.4836416244506836,12.0
0.488008975982666,8.0
0.49300312995910645,274.0
0.4980001449584961,4.0
0.5029728412628174,285.0
0.5059647560119629,3.0
0.5118095874786377,297.0
0.5168304443359375,3.0
0.5207829475402832,294.0
0.5258288383483887,32.0
0.5327892303466797,103.0
0.5358045101165771,64.0
0.5408403873443604,12.0
0.5448181629180908,4.0
0.5500097274780273,277.0
0.5540037155151367,4.0
0.559988260269165,281.0
0.5639786720275879,4.0
0.5688061714172363,300.0
0.5726985931396484,3.0
0.578070878982544,310.0
0.5840728282928467,133.0
0.5890607833862305,10.0
0.5930361747741699,8.0
0.5990207195281982,281.0
0.6021337509155273,3.0
0.6074032783508301,292.0
0.6126995086669922,72.0
0.6169931888580322,4.0
0.620708703994751,294.0
0.624826192855835,3.0
0.6331565380096436,312.0
0.6370565891265869,123.0
0.6406843662261963,21.0
0.6478028297424316,13.0
0.6507933139801025,4.0
0.655174970626831,278.0
0.659170389175415,4.0
0.6649844646453857,294.0
0.6679825782775879,3.0
0.6737220287322998,292.0
0.6770453453063965,5.0
0.6827037334442139,303.0
0.6888046264648438,142.0
0.698803186416626,114.0
0.7008073329925537,15.0
0.704486608505249,16.0
0.7088065147399902,15.0
0.7128164768218994,9.0
0.7168047428131104,3.0
0.7217917442321777,300.0
0.7247836589813232,4.0
0.7317650318145752,306.0
0.7357549667358398,70.0
0.7418003082275391,166.0
0.7448134422302246,8.0
0.7508194446563721,280.0
0.7547876834869385,6.0
0.7597830295562744,288.0
0.7648043632507324,4.0
0.769784688949585,286.0
0.7747659683227539,3.0
0.7797515392303467,296.0
0.7817449569702148,4.0
0.7883787155151367,310.0
0.7940685749053955,140.0
0.7976968288421631,9.0
0.8036961555480957,281.0
0.8067023754119873,2.0
0.8158307075500488,276.0
0.8177366256713867,50.0
0.8217241764068604,4.0
0.8268263339996338,289.0
0.8307144641876221,3.0
0.835702657699585,300.0
0.8408288955688477,17.0
0.8448214530944824,49.0
0.8517296314239502,187.0
0.8547234535217285,9.0
0.8608400821685791,280.0
0.8658289909362793,9.0
0.870805025100708,289.0
0.8728055953979492,4.0
0.8798277378082275,285.0
0.8831088542938232,3.0
0.8888120651245117,307.0
0.8928248882293701,3.0
0.8987143039703369,304.0
0.9047126770019531,133.0
0.9077072143554688,6.0
0.9156818389892578,276.0
0.9176747798919678,4.0
0.9230442047119141,292.0
0.9267354011535645,69.0
0.9297206401824951,3.0
0.9358072280883789,300.0
0.9397525787353516,3.0
0.9467549324035645,303.0
0.9507629871368408,30.0
0.9557535648345947,84.0
0.9620921611785889,186.0
0.9670829772949219,7.0
0.9700689315795898,272.0
0.9740650653839111,8.0
0.9800980091094971,286.0
0.9827077388763428,4.0
0.9888272285461426,283.0
0.9918241500854492,2.0
0.9984447956085205,293.0
1.0014259815216064,4.0
1.007408857345581,306.0
1.0123939514160156,98.0
1.0173861980438232,169.0
1.0283520221710205,27.0
1.0323567390441895,6.0
1.0353422164916992,278.0
1.0433120727539062,4.0
1.045314073562622,292.0
1.0502941608428955,3.0
1.052290439605713,300.0
1.0542833805084229,4.0
1.060267448425293,301.0
1.066253662109375,7.0
1.0692431926727295,305.0
1.075227975845337,213.0
1.079223871231079,2.0
1.0861985683441162,269.0
1.089207649230957,4.0
1.0941758155822754,275.0
1.099165678024292,3.0
1.103151559829712,295.0
1.1071414947509766,4.0
1.1131253242492676,304.0
1.116117000579834,3.0
1.122101068496704,307.0
1.1280853748321533,144.0
1.133085012435913,90.0
1.1370620727539062,11.0
1.1410505771636963,5.0
1.146050214767456,279.0
1.1500263214111328,2.0
1.1560101509094238,287.0
1.1590018272399902,3.0
1.165003776550293,292.0
1.1689753532409668,6.0
1.1738255023956299,306.0
1.1810941696166992,139.0
1.1840615272521973,5.0
1.1901228427886963,270.0
1.1931140422821045,8.0
1.2000956535339355,280.0
1.2021219730377197,4.0
1.208111047744751,282.0
1.2131266593933105,37.0
1.2161202430725098,2.0
1.2221252918243408,300.0
1.226167917251587,5.0
1.2316582202911377,314.0
1.2371389865875244,228.0
1.2421314716339111,10.0
1.2471249103546143,4.0
1.2506582736968994,284.0
1.2546510696411133,4.0
1.2607057094573975,297.0
1.2636961936950684,3.0
1.2697298526763916,297.0
1.2737267017364502,4.0
1.2797164916992188,314.0
1.2847495079040527,102.0
1.2899556159973145,11.0
1.292952060699463,4.0
1.2996594905853271,272.0
1.3026518821716309,6.0
1.3082787990570068,281.0
1.3142752647399902,3.0
1.3177313804626465,294.0
1.3214852809906006,3.0
1.3264355659484863,303.0
1.3325026035308838,34.0
1.3366601467132568,69.0
1.3415653705596924,168.0
1.3456296920776367,5.0
1.351614236831665,276.0
1.3547003269195557,9.0
1.361764669418335,288.0
1.366745948791504,2.0
1.369776725769043,290.0
1.3740015029907227,1.0
1.3801062107086182,306.0
1.3830978870391846,4.0
1.3896410465240479,313.0
1.3947036266326904,140.0
1.3986144065856934,8.0
1.4037303924560547,277.0
1.4077417850494385,6.0
1.4154589176177979,281.0
1.4174540042877197,3.0
1.4227302074432373,284.0
1.4265062808990479,3.0
1.4325125217437744,304.0
1.435697078704834,3.0
1.4406862258911133,302.0
1.4477076530456543,138.0
1.451730728149414,10.0
1.4556982517242432,3.0
1.4607110023498535,276.0
1.4646999835968018,4.0
1.4710395336151123,285.0
1.474045753479004,4.0
1.4810173511505127,293.0
1.484018087387085,4.0
1.4909911155700684,301.0
1.493988275527954,69.0
1.499976634979248,132.0
1.5037171840667725,9.0
1.5098199844360352,272.0
1.513397455215454,4.0
1.5183672904968262,288.0
1.5213582515716553,5.0
1.5283424854278564,292.0
1.5323302745819092,3.0
1.537315845489502,294.0
1.5413048267364502,3.0
1.5462923049926758,301.0
1.5522782802581787,109.0
1.555729866027832,9.0
1.5627496242523193,267.0
1.566755771636963,4.0
1.5707292556762695,282.0
1.574716329574585,3.0
1.5826945304870605,282.0
1.5846891403198242,4.0
1.5916705131530762,300.0
1.5946803092956543,2.0
1.5986557006835938,310.0
1.6037297248840332,75.0
1.6109740734100342,171.0
1.6144742965698242,4.0
1.6197547912597656,265.0
1.6217491626739502,6.0
1.6283910274505615,273.0
1.6323866844177246,4.0
1.6373775005340576,289.0
1.6415114402770996,1.0
1.6487619876861572,301.0
1.6507501602172852,3.0
1.6557300090789795,305.0
1.6617364883422852,148.0
1.6657249927520752,5.0
1.6717097759246826,266.0
1.6756997108459473,7.0
1.6826777458190918,274.0
1.6850314140319824,4.0
1.690331220626831,291.0
1.6927306652069092,3.0
1.6987347602844238,302.0
1.7027297019958496,2.0
1.7087304592132568,312.0
1.7156982421875,110.0
1.7177495956420898,4.0
1.7237462997436523,269.0
1.727658987045288,6.0
1.733391284942627,280.0
1.7366809844970703,4.0
1.7416696548461914,298.0
1.7456958293914795,3.0
1.7516791820526123,294.0
1.7546472549438477,3.0
1.760624885559082,313.0
1.7666206359863281,109.0
1.769601821899414,5.0
1.7756812572479248,266.0
1.781578779220581,5.0
1.7857353687286377,274.0
1.7899248600006104,4.0
1.7947063446044922,295.0
1.7987189292907715,2.0
1.8037493228912354,299.0
1.80763578414917,3.0
1.8166182041168213,311.0
1.8186297416687012,88.0
1.8236923217773438,153.0
1.8277180194854736,4.0
1.8337159156799316,275.0
1.8414905071258545,98.0
1.842479944229126,5.0
1.8464715480804443,285.0
1.8514575958251953,4.0
1.8564422130584717,299.0
1.8594331741333008,3.0
1.86643385887146,312.0
1.8714418411254883,58.0
1.8763909339904785,101.0
1.880378246307373,4.0
1.8855204582214355,285.0
1.8912386894226074,39.0
1.8955297470092773,10.0
1.8995952606201172,4.0
1.9045286178588867,293.0
1.9086287021636963,3.0
1.9156105518341064,298.0
1.9177157878875732,3.0
1.922743320465088,308.0
1.9297490119934082,110.0
1.9329917430877686,6.0
1.9377086162567139,274.0
1.9427354335784912,48.0
1.946720838546753,5.0
1.9527392387390137,290.0
1.9567170143127441,4.0
1.9647448062896729,292.0
1.9667482376098633,3.0
1.9707515239715576,299.0
1.9758241176605225,35.0
1.9797329902648926,64.0
1.985811710357666,199.0
1.9908030033111572,10.0
1.996800184249878,12.0
1.9987831115722656,8.0
2.0047683715820312,292.0
2.008544683456421,4.0
2.015536069869995,289.0
2.019571542739868,18.0
2.0230817794799805,4.0
2.028073310852051,305.0
2.0330586433410645,27.0
2.039043426513672,132.0
2.04203724861145,4.0
2.049015998840332,276.0
2.0540027618408203,10.0
2.0569968223571777,4.0
2.062983989715576,280.0
2.0659711360931396,4.0
2.071925640106201,298.0
2.0749356746673584,3.0
2.0829007625579834,306.0
2.085904121398926,16.0
2.090881109237671,133.0
2.0948686599731445,5.0
2.0998547077178955,266.0
2.1048424243927,9.0
2.1108598709106445,282.0
2.1148149967193604,4.0
2.119802713394165,296.0
2.1227309703826904,3.0
2.12774920463562,304.0
2.1327035427093506,4.0
2.1377298831939697,312.0
2.143730401992798,124.0
2.147752285003662,3.0
2.152729034423828,270.0
2.1567182540893555,8.0
2.1620185375213623,278.0
2.1670031547546387,4.0
2.1717300415039062,288.0
2.1757147312164307,4.0
2.1821115016937256,304.0
2.185091495513916,3.0
2.1900596618652344,306.0
2.1950464248657227,96.0
2.201714515686035,135.0
2.2047152519226074,9.0
2.209702730178833,273.0
2.2156834602355957,4.0
2.2197210788726807,284.0
2.2230405807495117,4.0
2.2290546894073486,292.0
2.232029438018799,3.0
2.2380497455596924,296.0
2.242008686065674,3.0
2.2477753162384033,311.0
2.2530572414398193,117.0
2.257044792175293,7.0
2.2644810676574707,271.0
2.2664847373962402,1.0
2.271808385848999,289.0
2.275818347930908,3.0
2.28181791305542,285.0
2.2848081588745117,4.0
2.291273832321167,305.0
2.294266939163208,3.0
2.300280809402466,314.0
2.3058135509490967,132.0
2.3108205795288086,8.0
2.3158085346221924,269.0
2.3178274631500244,4.0
2.323803663253784,289.0
2.327730178833008,3.0
2.3346993923187256,298.0
2.3377058506011963,3.0
2.342829704284668,293.0
2.346741199493408,3.0
2.3527259826660156,314.0
2.357494592666626,148.0
2.3618991374969482,9.0
2.3698835372924805,277.0
2.3719046115875244,3.0
2.3775393962860107,288.0
2.3815431594848633,4.0
2.386650323867798,289.0
2.3905515670776367,3.0
2.394737482070923,304.0
2.3986639976501465,3.0
2.404820203781128,310.0
2.41082501411438,135.0
2.4147980213165283,6.0
2.4198248386383057,278.0
2.423776626586914,4.0
2.43076753616333,279.0
2.433753728866577,4.0
2.4390902519226074,286.0
2.4427003860473633,3.0
2.4486899375915527,299.0
2.451709032058716,3.0
2.456698179244995,302.0
2.461676597595215,96.0
2.468071937561035,187.0
2.471071243286133,4.0
2.476919651031494,271.0
2.481700897216797,5.0
2.487678050994873,285.0
2.490715742111206,4.0
2.49774432182312,285.0
2.500688314437866,3.0
2.5046818256378174,301.0
2.508716583251953,3.0
2.51564359664917,308.0
2.519636869430542,126.0
2.5247087478637695,6.0
2.5300281047821045,265.0
2.5330231189727783,6.0
2.539034366607666,284.0
2.542036294937134,4.0
2.548020362854004,286.0
2.55199933052063,7.0
2.557983875274658,294.0
2.560987949371338,3.0
2.566959857940674,302.0
2.572944402694702,112.0
2.5759363174438477,8.0
2.5819196701049805,266.0
2.585911989212036,6.0
2.59190034866333,286.0
2.5978848934173584,5.0
2.6008691787719727,291.0
2.60585880279541,43.0
2.6098451614379883,3.0
2.616539478302002,301.0
2.6195318698883057,3.0
2.623518705368042,313.0
2.63150691986084,197.0
2.63350772857666,4.0
2.638490676879883,282.0
2.6426610946655273,3.0
2.6485254764556885,289.0
2.6515777111053467,4.0
2.657578468322754,295.0
2.660604238510132,4.0
2.6666572093963623,297.0
2.6706550121307373,3.0
2.676952838897705,311.0
2.682523727416992,174.0
2.6857473850250244,4.0
2.69173002243042,273.0
2.6947505474090576,4.0
2.7017252445220947,281.0
2.7047295570373535,1.0
2.7097134590148926,284.0
2.7155983448028564,3.0
2.719748020172119,302.0
2.7236874103546143,5.0
2.7297301292419434,310.0
2.735680341720581,122.0
2.7386879920959473,6.0
2.7436611652374268,276.0
2.7496612071990967,64.0
2.752673625946045,7.0
2.757730007171631,280.0
2.762617826461792,4.0
2.767613649368286,288.0
2.771639347076416,42.0
2.775608777999878,4.0
2.7816035747528076,306.0
2.785569190979004,74.0
2.791548490524292,204.0
2.7976768016815186,4.0
2.8017327785491943,278.0
2.8057432174682617,10.0
2.8097081184387207,4.0
2.8156943321228027,285.0
2.8190340995788574,4.0
2.8257033824920654,304.0
2.8296914100646973,4.0
2.833752393722534,308.0
2.8387508392333984,44.0
2.846727132797241,142.0
2.849719524383545,4.0
2.8537516593933105,273.0
2.856740713119507,6.0
2.8627190589904785,285.0
2.8667287826538086,4.0
2.872687339782715,282.0
2.8766822814941406,3.0
2.8817174434661865,293.0
2.8867292404174805,75.0
2.890700101852417,4.0
2.898820638656616,303.0
2.9018239974975586,145.0
2.905801296234131,9.0
2.910806655883789,270.0
2.915705680847168,4.0
2.9207956790924072,282.0
2.924903392791748,4.0
2.929715394973755,301.0
2.9327077865600586,3.0
2.9390525817871094,306.0
2.942725658416748,4.0
2.9487011432647705,312.0
2.9547505378723145,160.0
2.9586942195892334,10.0
2.962719440460205,3.0
2.9678053855895996,275.0
2.9716908931732178,4.0
2.977726697921753,289.0
2.981677293777466,4.0
2.9876623153686523,289.0
2.990657329559326,4.0
2.9967453479766846,308.0
3.0007145404815674,22.0
3.005807638168335,89.0
3.0128097534179688,156.0
3.015716075897217,4.0
3.02183198928833,276.0
3.024820327758789,5.0
3.029806137084961,275.0
3.03379487991333,4.0
3.0388259887695312,285.0
3.0440428256988525,1.0
3.0496716499328613,309.0
3.0539963245391846,16.0
3.0577147006988525,62.0
3.0647077560424805,155.0
3.068694829940796,45.0
3.073671340942383,10.0
3.0776612758636475,3.0
3.0846424102783203,282.0
3.0876364707946777,5.0
3.0916242599487305,292.0
3.094618082046509,3.0
3.1005992889404297,300.0
3.1047310829162598,4.0
3.1116223335266113,301.0
3.1156094074249268,91.0
3.1205954551696777,161.0
3.125584840774536,17.0
3.1325643062591553,4.0
3.1355555057525635,270.0
3.1385481357574463,4.0
3.1446752548217773,283.0
3.148667335510254,4.0
3.1536829471588135,301.0
3.156672477722168,4.0
3.1656429767608643,303.0
3.1676571369171143,20.0
3.1736655235290527,66.0
3.1776609420776367,177.0
3.1826398372650146,2.0
3.187666416168213,279.0
3.191657066345215,7.0
3.1977181434631348,276.0
3.204529285430908,4.0
3.206718921661377,296.0
3.210700035095215,4.0
3.216697931289673,306.0
3.218750238418579,3.0
3.22517466545105,314.0
3.2317399978637695,144.0
3.2351937294006348,4.0
3.2406678199768066,276.0
3.244713068008423,10.0
3.249821424484253,72.0
3.2528395652770996,3.0
3.2601778507232666,284.0
3.264174699783325,4.0
3.268173933029175,309.0
3.271646022796631,4.0
3.278409004211426,302.0
3.2834067344665527,138.0
3.2866196632385254,4.0
3.2934951782226562,282.0
3.29748272895813,11.0
3.30147123336792,74.0
3.3054611682891846,4.0
3.3125476837158203,299.0
3.3155415058135986,4.0
3.321524143218994,302.0
3.3246169090270996,4.0
3.32956862449646,306.0
3.3366265296936035,116.0
3.339625597000122,4.0
3.344614028930664,273.0
3.34961199760437,8.0
3.35579252243042,274.0
3.358783721923828,5.0
3.364785671234131,287.0
3.3667733669281006,4.0
3.3736069202423096,296.0
3.3769187927246094,2.0
3.382805109024048,300.0
3.3866941928863525,92.0
3.3928024768829346,163.0
3.3986611366271973,10.0
3.402634620666504,4.0
3.4076223373413086,278.0
3.410613536834717,2.0
3.4167168140411377,281.0
3.420253276824951,4.0
3.4258077144622803,303.0
3.4295763969421387,4.0
3.4356229305267334,306.0
3.4406208992004395,44.0
3.4445908069610596,95.0
3.450577974319458,202.0
3.454768180847168,75.0
3.461754322052002,13.0
3.464759588241577,4.0
3.4697344303131104,285.0
3.471801280975342,4.0
3.477789878845215,295.0
3.481790781021118,5.0
3.487765073776245,301.0
3.4917538166046143,4.0
3.4967398643493652,313.0
3.5027241706848145,101.0
3.5067129135131836,6.0
3.5117008686065674,269.0
3.5166983604431152,2.0
3.5216734409332275,289.0
3.5258405208587646,4.0
3.5328190326690674,294.0
3.535824775695801,3.0
3.5398011207580566,300.0
3.543799638748169,3.0
3.5497889518737793,302.0
3.554762363433838,140.0
3.5587501525878906,6.0
3.5657308101654053,276.0
3.568737745285034,49.0
3.5737102031707764,4.0
3.5796940326690674,290.0
3.5826869010925293,1.0
3.587672710418701,300.0
3.5916619300842285,3.0
3.5996601581573486,306.0
3.6016366481781006,29.0
3.6066229343414307,45.0
3.6136069297790527,185.0
3.615612030029297,9.0
3.621581554412842,274.0
3.62457537651062,6.0
3.6315553188323975,290.0
3.6346564292907715,3.0
3.6395909786224365,301.0
3.6435818672180176,3.0
3.650562286376953,295.0
3.6535537242889404,4.0
3.658587694168091,309.0
3.6661734580993652,156.0
3.6671488285064697,4.0
3.673659324645996,277.0
3.6773719787597656,7.0
3.6833508014678955,277.0
3.6866564750671387,2.0
3.6926462650299072,284.0
3.6966335773468018,4.0
3.701659679412842,305.0
3.7066593170166016,42.0
3.711641788482666,31.0
3.717633008956909,117.0
3.721653938293457,82.0
3.7276623249053955,14.0
3.730658531188965,6.0
3.736651659011841,284.0
3.739616632461548,3.0
3.747704029083252,290.0
3.749699354171753,5.0
3.7556769847869873,303.0
3.7586886882781982,2.0
3.7646522521972656,308.0
3.7686407566070557,68.0
3.775629997253418,132.0
3.7776987552642822,9.0
3.784605026245117,278.0
3.786594867706299,4.0
3.792698860168457,286.0
3.796713352203369,4.0
3.8026955127716064,294.0
3.806684970855713,3.0
3.811671495437622,300.0
3.815661907196045,6.0
3.8207316398620605,320.0
3.8266546726226807,150.0
3.8306455612182617,9.0
3.836937189102173,280.0
3.839724063873291,4.0
3.846745252609253,279.0
3.851266860961914,4.0
3.855755567550659,294.0
3.8577470779418945,4.0
3.8643641471862793,292.0
3.867598295211792,4.0
3.87467098236084,314.0
3.877763509750366,78.0
3.8836417198181152,169.0
3.8886287212371826,5.0
3.8933167457580566,276.0
3.899301052093506,4.0
3.9033732414245605,287.0
3.9061765670776367,4.0
3.9129903316497803,298.0
3.916968584060669,4.0
3.921952724456787,307.0
3.9259426593780518,3.0
3.932676315307617,317.0
3.9377360343933105,117.0
3.9406912326812744,5.0
3.9457287788391113,275.0
3.9497292041778564,3.0
3.954730987548828,280.0
3.958742141723633,4.0
3.964705467224121,288.0
3.968696355819702,4.0
3.9746856689453125,297.0
3.9776902198791504,3.0
3.982729911804199,311.0
3.9876503944396973,96.0
3.9940285682678223,160.0
3.9980990886688232,7.0
4.002741575241089,277.0
4.006737947463989,2.0
4.012789249420166,283.0
4.016778230667114,24.0
4.020767688751221,4.0
4.0267534255981445,293.0
4.030739784240723,4.0
4.036732912063599,307.0
4.040774345397949,28.0
4.047737121582031,126.0
4.050585746765137,12.0
4.055789947509766,4.0
4.059779405593872,276.0
4.065288305282593,5.0
4.070269823074341,286.0
4.072780132293701,1.0
4.079635858535767,291.0
4.0816309452056885,3.0
4.08797025680542,311.0
4.092961072921753,36.0
4.099941730499268,105.0
4.1019368171691895,7.0
4.107919692993164,280.0
4.111919164657593,7.0
4.117893218994141,290.0
4.121883869171143,16.0
4.125872850418091,4.0
4.1328535079956055,300.0
4.135866641998291,4.0
4.14080548286438,309.0
4.147818326950073,44.0
4.15082573890686,104.0
4.155787467956543,10.0
4.162766695022583,112.0
4.166756629943848,16.0
4.170746803283691,20.0
4.176729917526245,110.0
4.182729244232178,337.0
4.188749313354492,296.0
4.19269585609436,2.0
4.199223518371582,293.0
4.202246427536011,3.0
4.2077295780181885,305.0
4.2126946449279785,64.0
4.2177488803863525,164.0
4.2227044105529785,74.0
4.226714611053467,5.0
4.2326977252960205,285.0
4.235691070556641,4.0
4.2407307624816895,298.0
4.247703313827515,4.0
4.251002311706543,297.0
4.254231929779053,3.0
4.259728193283081,301.0
4.267100811004639,16.0
4.270106315612793,81.0
4.274577617645264,127.0
4.279569625854492,9.0
4.284631729125977,274.0
4.28766942024231,7.0
4.293642997741699,296.0
4.297631740570068,4.0
4.303264617919922,294.0
4.306948661804199,3.0
4.313271760940552,293.0
4.316645860671997,5.0
4.321751832962036,310.0
4.327775001525879,146.0
4.331709861755371,12.0
4.335731267929077,3.0
4.341737747192383,286.0
4.347715616226196,4.0
4.3506927490234375,284.0
4.355435132980347,3.0
4.360431909561157,295.0
4.364289045333862,4.0
4.370153427124023,301.0
4.374608993530273,41.0
4.381820917129517,101.0
4.385812759399414,10.0
4.3888325691223145,5.0
4.393825054168701,275.0
4.398777484893799,9.0
4.403804540634155,286.0
4.406933069229126,1.0
4.41294002532959,299.0
4.4165120124816895,5.0
4.421828985214233,306.0
4.426801919937134,28.0
4.432672500610352,59.0
4.437659025192261,185.0
4.441645860671997,6.0
4.448630332946777,274.0
4.450627088546753,7.0
4.455616474151611,285.0
4.4595959186553955,4.0
4.46657919883728,298.0
4.4695703983306885,3.0
4.4765520095825195,296.0
4.4795451164245605,7.0
4.483533143997192,314.0
4.489518642425537,132.0
4.496506690979004,17.0
4.499490261077881,30.0
4.502746343612671,7.0
4.508754730224609,290.0
4.512561082839966,4.0
4.5177435874938965,297.0
4.520790100097656,3.0
4.526734352111816,300.0
4.531779527664185,3.0
4.536733150482178,317.0
4.5416905879974365,110.0
4.5476861000061035,8.0
4.551671028137207,280.0
4.554647922515869,4.0
4.560634613037109,292.0
4.5676515102386475,93.0
4.569643259048462,2.0
4.574631214141846,300.0
4.579613924026489,0.0
4.583641529083252,314.0
4.588737487792969,14.0
4.593694686889648,52.0
4.599703550338745,162.0
4.6026451587677,7.0
4.608632564544678,281.0
4.614630699157715,10.0
4.616613864898682,4.0
4.6235926151275635,290.0
4.6265974044799805,5.0
4.632570028305054,304.0
4.635562181472778,4.0
4.641435623168945,308.0
4.646421194076538,64.0
4.651408672332764,141.0
4.655658721923828,8.0
4.661413669586182,278.0
4.665404558181763,3.0
4.671390056610107,297.0
4.675376892089844,4.0
4.67936635017395,304.0
4.684353590011597,4.0
4.688659191131592,313.0
4.692858695983887,4.0
4.6986589431762695,304.0
4.70465874671936,116.0
4.707659959793091,7.0
4.716148614883423,283.0
4.7171313762664795,4.0
4.7231433391571045,279.0
4.7271339893341064,4.0
4.732651710510254,293.0
4.735658407211304,3.0
4.741872072219849,294.0
4.748172044754028,44.0
4.75116491317749,18.0
4.755655765533447,85.0
4.761665344238281,117.0
4.765672206878662,5.0
4.770692825317383,281.0
4.774577856063843,3.0
4.7815515995025635,284.0
4.783545732498169,2.0
4.789836645126343,306.0
4.79382586479187,4.0
4.798864126205444,309.0
4.803930282592773,84.0
4.807727575302124,37.0
4.8147053718566895,132.0
4.818213701248169,4.0
4.824199914932251,276.0
4.828189373016357,10.0
4.832179546356201,4.0
4.838162899017334,300.0
4.841156005859375,4.0
4.84814977645874,297.0
4.8511292934417725,2.0
4.85611629486084,311.0
4.861117362976074,62.0
4.86708664894104,110.0
4.870734691619873,13.0
4.875224351882935,5.0
4.881741523742676,287.0
4.883737087249756,6.0
4.890110015869141,293.0
4.893723249435425,4.0
4.898716926574707,303.0
4.90275502204895,2.0
4.908779144287109,309.0
4.912685394287109,65.0
4.918748378753662,146.0
4.922696828842163,4.0
4.930795192718506,282.0
4.9327921867370605,3.0
4.9378039836883545,295.0
4.941688537597656,4.0
4.948673248291016,295.0
4.950684547424316,3.0
4.95665168762207,302.0
4.960514068603516,3.0
4.965679883956909,315.0
4.972532033920288,109.0
4.976527452468872,8.0
4.98171329498291,278.0
4.986680269241333,10.0
4.989670753479004,4.0
4.997719049453735,304.0
4.9997172355651855,4.0
5.004688739776611,298.0
5.008118152618408,3.0
5.0142364501953125,314.0
5.0182108879089355,59.0
5.023841142654419,118.0
5.0298333168029785,16.0
5.0328545570373535,7.0
5.0378289222717285,288.0
5.041645765304565,8.0
5.048631429672241,296.0
5.050710439682007,4.0
5.0566301345825195,297.0
5.06061863899231,4.0
5.066758871078491,316.0
5.071851968765259,12.0
5.077667713165283,92.0
5.080659627914429,157.0
5.084648847579956,7.0
5.091636419296265,284.0
5.094621419906616,23.0
5.098562479019165,5.0
5.104852914810181,290.0
5.1088032722473145,28.0
5.112816095352173,3.0
5.118804693222046,307.0
5.122814178466797,9.0
5.127802848815918,313.0
5.133784294128418,148.0
5.1367833614349365,5.0
5.142759561538696,283.0
5.149747848510742,7.0
5.1527345180511475,283.0
5.156724452972412,6.0
5.16270899772644,295.0
5.164712905883789,4.0
5.1708056926727295,310.0
5.17546010017395,8.0
5.181747198104858,321.0
5.1847333908081055,98.0
5.191722869873047,198.0
5.195710182189941,5.0
5.1997270584106445,283.0
5.2037129402160645,9.0
5.209395170211792,299.0
5.214382886886597,18.0
5.218371391296387,4.0
5.2244274616241455,296.0
5.227494239807129,3.0
5.233475208282471,315.0
5.2385101318359375,70.0
5.243727445602417,140.0
5.248736381530762,8.0
5.2527244091033936,286.0
5.255715370178223,4.0
5.2617011070251465,291.0
5.266699314117432,4.0
5.270674467086792,301.0
5.274664402008057,4.0
5.281647682189941,304.0
5.284640073776245,12.0
5.289625406265259,66.0
5.298603057861328,161.0
5.300595998764038,14.0
5.3047401905059814,84.0
5.308659076690674,5.0
5.3146653175354,300.0
5.318636417388916,4.0
5.3236236572265625,305.0
5.326613903045654,3.0
5.333596706390381,312.0
5.336588382720947,3.0
5.34257173538208,314.0
5.349553108215332,135.0
5.3535425662994385,45.0
5.356535911560059,7.0
5.364525079727173,281.0
5.367506265640259,48.0
5.370498180389404,5.0
5.3764848709106445,295.0
5.381480693817139,42.0
5.384630441665649,4.0
5.390542030334473,308.0
5.394509792327881,84.0
5.4004902839660645,13.0
5.405655384063721,109.0
5.409485101699829,8.0
5.414543628692627,284.0
5.41849422454834,8.0
5.4234843254089355,289.0
5.430480718612671,18.0
5.432465076446533,4.0
5.43768835067749,309.0
5.442652940750122,27.0
5.447532653808594,3.0
5.451530694961548,310.0
5.457716941833496,119.0
5.461633920669556,3.0
5.467655897140503,281.0
5.471651792526245,8.0
5.477202892303467,284.0
5.480201244354248,4.0
5.486197233200073,293.0
5.490730047225952,37.0
5.494616746902466,4.0
5.500601053237915,303.0
5.5045905113220215,4.0
5.5097339153289795,322.0
5.515728235244751,162.0
5.518734693527222,9.0
5.524627208709717,282.0
5.528619289398193,4.0
5.535041570663452,292.0
5.538715839385986,75.0
5.54173469543457,4.0
5.549494028091431,300.0
5.551476240158081,3.0
5.556962490081787,314.0
5.562692165374756,28.0
5.566956281661987,83.0
5.573006868362427,160.0
5.575996160507202,6.0
5.581657886505127,280.0
5.587212324142456,81.0
5.590709924697876,4.0
5.596577167510986,302.0
5.598564863204956,5.0
5.605546236038208,304.0
5.608667373657227,2.0
5.615630388259888,308.0
5.61969780921936,13.0
5.624682188034058,130.0
5.6308629512786865,13.0
5.6327972412109375,4.0
5.638705492019653,294.0
5.6426918506622314,8.0
5.649691820144653,294.0
5.652689456939697,10.0
5.65566086769104,4.0
5.661640644073486,306.0
5.66666054725647,66.0
5.671645164489746,29.0
5.677630662918091,124.0
5.68259859085083,11.0
5.687573671340942,59.0
5.690563917160034,6.0
5.699133396148682,289.0
5.702125310897827,113.0
5.7071213722229,16.0
5.711101531982422,18.0
5.71609091758728,17.0
5.721076488494873,78.0
5.725823402404785,10.0
5.729698896408081,12.0
5.732760429382324,4.0
5.7387535572052,292.0
5.742699146270752,8.0
5.7496960163116455,289.0
5.752672910690308,1.0
5.7577431201934814,300.0
5.761697053909302,4.0
5.767035961151123,317.0
5.770711421966553,3.0
5.776658535003662,312.0
5.78261923789978,103.0
5.786579132080078,17.0
5.790727376937866,9.0
5.797735929489136,283.0
5.800724029541016,4.0
5.807121753692627,296.0
5.8100996017456055,4.0
5.815086603164673,298.0
5.8187339305877686,3.0
5.825035810470581,315.0
5.8303468227386475,20.0
5.834336280822754,39.0
5.840709924697876,151.0
5.843709707260132,14.0
5.849697113037109,5.0
5.854825258255005,297.0
5.856816053390503,5.0
5.862802982330322,308.0
5.865796327590942,0.0
5.87177586555481,314.0
5.875768423080444,4.0
5.881757974624634,320.0
5.885742902755737,51.0
5.891823053359985,137.0
5.898812294006348,10.0
5.900803565979004,4.0
5.905792236328125,296.0
5.9097816944122314,4.0
5.915765285491943,306.0
5.919799566268921,51.0
5.924901485443115,5.0
5.929630279541016,312.0
5.933066368103027,4.0
5.93906044960022,330.0
5.945210933685303,136.0
5.950200319290161,17.0
5.953911066055298,2.0
5.958807945251465,297.0
5.961824655532837,8.0
5.967805624008179,301.0
5.973721981048584,10.0
5.977711915969849,4.0
5.981698274612427,313.0
5.984708786010742,4.0
5.990688800811768,320.0
5.9985151290893555,128.0
6.003053903579712,12.0
6.006710052490234,3.0
6.010690689086914,298.0
6.015676259994507,4.0
6.019821643829346,301.0
6.024815320968628,21.0
6.028801202774048,4.0
6.035783052444458,314.0
6.038782119750977,1.0
6.044411659240723,328.0
6.0496580600738525,109.0
6.053652048110962,16.0
6.057639122009277,4.0
6.064831972122192,285.0
6.067708492279053,12.0
6.071821928024292,4.0
6.077811002731323,297.0
6.0817999839782715,2.0
6.086789131164551,308.0
6.090775489807129,3.0
6.097742080688477,324.0
6.101821660995483,114.0
6.107645511627197,12.0
6.1106977462768555,12.0
6.11569881439209,6.0
6.121020078659058,305.0
6.125014066696167,3.0
6.130692720413208,297.0
6.133486270904541,3.0
6.138823986053467,308.0
6.142818927764893,4.0
6.1495256423950195,317.0
6.152706861495972,85.0
6.15868616104126,180.0
6.165645360946655,14.0
6.1686506271362305,6.0
6.172641277313232,292.0
6.176667928695679,5.0
6.183615207672119,305.0
6.186636209487915,41.0
6.190594434738159,5.0
6.198572635650635,310.0
6.2005674839019775,4.0
6.205555200576782,322.0
6.212535858154297,116.0
6.216524839401245,11.0
6.220529317855835,6.0
6.226499319076538,293.0
6.230487585067749,2.0
6.234478712081909,300.0
6.237502813339233,4.0
6.243452072143555,309.0
6.2484588623046875,4.0
6.253427028656006,317.0
6.257415056228638,45.0
6.262401819229126,87.0
6.268385648727417,169.0
6.274371862411499,14.0
6.27636981010437,4.0
6.282707214355469,299.0
6.285696983337402,6.0
6.292625188827515,301.0
6.298609018325806,4.0
6.301601409912109,304.0
6.304593324661255,2.0
6.310575485229492,314.0
6.31601095199585,85.0
6.321003437042236,128.0
6.324994325637817,7.0
6.331974983215332,295.0
6.333982229232788,4.0
6.339954137802124,297.0
6.342954635620117,7.0
6.348658800125122,311.0
6.352659702301025,4.0
6.358652353286743,318.0
6.36263632774353,9.0
6.367657661437988,316.0
6.374123573303223,172.0
6.379665851593018,14.0
6.3826704025268555,6.0
6.387658357620239,301.0
6.390708684921265,4.0
6.398404121398926,311.0
6.4011359214782715,4.0
6.407123804092407,312.0
6.410115718841553,4.0
6.415735483169556,322.0
6.420743942260742,52.0
6.426201343536377,127.0
6.4296956062316895,8.0
6.435754776000977,293.0
6.439697504043579,6.0
6.44598126411438,294.0
6.448982000350952,4.0
6.453958749771118,301.0
6.457947731018066,4.0
6.465007781982422,315.0
6.468123435974121,3.0
6.473351716995239,315.0
6.478168249130249,76.0
6.483779668807983,153.0
6.487789154052734,7.0
6.492823362350464,293.0
6.4968101978302,8.0
6.501808166503906,294.0
6.505787372589111,4.0
6.5127997398376465,306.0
6.515809535980225,2.0
6.5208094120025635,312.0
6.524797677993774,3.0
6.531848669052124,320.0
6.5358805656433105,117.0
6.541100025177002,10.0
6.544701814651489,6.0
6.550686836242676,299.0
6.554673671722412,4.0
6.558823347091675,300.0
6.564813613891602,4.0
6.569188594818115,307.0
6.572187185287476,3.0
6.577820539474487,310.0
6.583040475845337,11.0
6.586698770523071,74.0
6.592818975448608,173.0
6.598686933517456,17.0
6.6026506423950195,9.0
6.607639789581299,296.0
6.612984657287598,4.0
6.616735219955444,310.0
6.620728969573975,4.0
6.626709461212158,317.0
6.629709482192993,4.0
6.634822845458984,321.0
6.639811277389526,42.0
6.646048307418823,93.0
6.651447296142578,213.0
6.6554248332977295,10.0
6.660444498062134,12.0
6.664432048797607,4.0
6.668800115585327,296.0
6.672782897949219,5.0
6.678767204284668,312.0
6.681773900985718,3.0
6.687742233276367,317.0
6.69173264503479,39.0
6.697745084762573,64.0
6.703704357147217,111.0
6.707850217819214,20.0
6.710689544677734,6.0
6.71670126914978,302.0
6.720655918121338,4.0
6.725641489028931,305.0
6.731640815734863,4.0
6.735622406005859,325.0
6.73871636390686,4.0
6.7457544803619385,318.0
6.749738931655884,47.0
6.75571084022522,133.0
6.759699821472168,20.0
6.764695405960083,4.0
6.770756959915161,293.0
6.772758722305298,8.0
6.778749704360962,302.0
6.7827394008636475,4.0
6.787725925445557,315.0
6.791726350784302,4.0
6.797948598861694,321.0
6.801732063293457,35.0
6.806646823883057,80.0
6.814630746841431,158.0
6.817615747451782,13.0
6.8206140995025635,8.0
6.826990842819214,304.0
6.830999374389648,4.0
6.835972547531128,304.0
6.839962720870972,3.0
6.8449530601501465,316.0
6.849935054779053,82.0
6.8536975383758545,3.0
6.85973048210144,322.0
6.865715026855469,153.0
6.869930982589722,8.0
6.874940633773804,298.0
6.880914211273193,3.0
6.883897542953491,298.0
6.8868889808654785,4.0
6.892872333526611,308.0
6.897874355316162,4.0
6.902847051620483,321.0
6.905844211578369,5.0
6.912792682647705,320.0
6.9187963008880615,101.0
6.922785520553589,7.0
6.92781662940979,296.0
6.931631803512573,10.0
6.9356255531311035,4.0
6.940715551376343,300.0
6.944701433181763,4.0
6.950087308883667,308.0
6.953712701797485,5.0
6.959858179092407,329.0
6.9638495445251465,31.0
6.969723463058472,104.0
6.975705146789551,18.0
6.981110572814941,10.0
6.984691381454468,77.0
6.988683462142944,3.0
6.993804931640625,308.0
6.99743127822876,2.0
7.003828525543213,310.0
7.006717920303345,3.0
7.013717889785767,327.0
7.016701936721802,8.0
7.021681070327759,325.0
7.026803970336914,114.0
7.0318238735198975,16.0
7.037686347961426,12.0
7.041679620742798,10.0
7.045663118362427,4.0
7.050801515579224,306.0
7.054698944091797,3.0
7.06081748008728,316.0
7.063696384429932,4.0
7.068674802780151,332.0
7.073672294616699,24.0
7.08164119720459,154.0
7.084635019302368,10.0
7.088622331619263,16.0
7.092610836029053,4.0
7.0985963344573975,311.0
7.102587461471558,4.0
7.108569622039795,313.0
7.112557649612427,4.0
7.116547107696533,316.0
7.1205735206604,3.0
7.128049612045288,336.0
7.133038520812988,174.0
7.1377623081207275,12.0
7.140775203704834,5.0
7.145741939544678,301.0
7.149739027023315,4.0
7.155726909637451,307.0
7.158707141876221,4.0
7.165687799453735,322.0
7.168680667877197,3.0
7.17367959022522,333.0
7.180641412734985,41.0
7.183614015579224,82.0
7.18959903717041,154.0
7.1935875415802,7.0
7.198576927185059,309.0
7.202564716339111,6.0
7.208550214767456,309.0
7.212537527084351,9.0
7.219519853591919,317.0
7.222514867782593,4.0
7.226504802703857,312.0
7.231486797332764,3.0
7.235739469528198,326.0
7.2415900230407715,125.0
7.247561454772949,10.0
7.250537395477295,14.0
7.2545249462127686,4.0
7.260511159896851,311.0
7.263956069946289,3.0
7.2696568965911865,315.0
7.273536682128906,3.0
7.280529975891113,323.0
7.28365421295166,96.0
7.288620471954346,47.0
7.299531698226929,127.0
7.301537990570068,10.0
7.303558111190796,11.0
7.306745767593384,4.0
7.314939260482788,310.0
7.316945552825928,4.0
7.32192063331604,324.0
7.325657367706299,2.0
7.332597970962524,318.0
7.334575653076172,6.0
7.3406572341918945,325.0
7.348630666732788,154.0
7.352618932723999,13.0
7.354716539382935,8.0
7.3607330322265625,304.0
7.3647260665893555,4.0
7.3699119091033936,311.0
7.373664617538452,4.0
7.381643056869507,309.0
7.3836352825164795,1.0
7.388723134994507,323.0
7.393664836883545,61.0
7.399687767028809,121.0
7.403716802597046,14.0
7.40772557258606,7.0
7.412997722625732,308.0
7.417068243026733,4.0
7.422692775726318,309.0
7.4258599281311035,4.0
7.431852579116821,312.0
7.435836553573608,4.0
7.440728187561035,324.0
7.4477317333221436,38.0
7.451709985733032,111.0
7.45677638053894,14.0
7.4607203006744385,11.0
7.465709447860718,6.0
7.470803737640381,314.0
7.474815845489502,5.0
7.480815172195435,316.0
7.482822895050049,4.0
7.488821744918823,313.0
7.494412422180176,16.0
7.499528884887695,42.0
7.503684043884277,112.0
7.509029150009155,13.0
7.512868881225586,9.0
7.517797231674194,306.0
7.522822380065918,18.0
7.526780843734741,3.0
7.532764434814453,311.0
7.536755323410034,4.0
7.541805267333984,323.0
7.549400568008423,25.0
7.55039644241333,5.0
7.5563976764678955,337.0
7.562670469284058,146.0
7.56570839881897,16.0
7.569709777832031,4.0
7.575766086578369,300.0
7.579608201980591,4.0
7.5853002071380615,317.0
7.5887181758880615,2.0
7.596818923950195,318.0
7.599819898605347,90.0
7.601799726486206,4.0
7.607801198959351,328.0
7.612694978713989,89.0
7.619166135787964,167.0
7.622699975967407,9.0
7.627681016921997,304.0
7.632673263549805,5.0
7.638896465301514,311.0
7.64189600944519,7.0
7.647829532623291,313.0
7.649810314178467,2.0
7.655797004699707,327.0
7.6597840785980225,3.0
7.666034936904907,321.0
7.671067714691162,102.0
7.6760735511779785,16.0
7.680049180984497,6.0
7.684797048568726,306.0
7.688573122024536,4.0
7.695614337921143,306.0
7.698614120483398,4.0
7.703601360321045,313.0
7.7086181640625,89.0
7.715573310852051,4.0
7.717562437057495,333.0
7.723076105117798,54.0
7.7320544719696045,107.0
7.734047174453735,13.0
7.737037897109985,4.0
7.742798328399658,310.0
7.747825384140015,3.0
7.75178337097168,322.0
7.755800247192383,4.0
7.760782957077026,322.0
7.765768051147461,4.0
7.770754814147949,330.0
7.775742530822754,25.0
7.781751394271851,107.0
7.785724401473999,16.0
7.789978742599487,12.0
7.793822765350342,8.0
7.799840211868286,313.0
7.802731990814209,4.0
7.808751583099365,314.0
7.812725305557251,4.0
7.817723989486694,315.0
7.8216872215271,6.0
7.82778787612915,324.0
7.832791090011597,83.0
7.838021755218506,173.0
7.8430335521698,12.0
7.848051309585571,14.0
7.851027727127075,8.0
7.8570592403411865,308.0
7.8630430698394775,106.0
7.8687522411346436,24.0
7.871688365936279,38.0
7.877114534378052,11.0
7.8831048011779785,18.0
7.886129856109619,23.0
7.890725374221802,16.0
7.894695281982422,4.0
7.899683952331543,306.0
7.903738498687744,5.0
7.910653114318848,306.0
7.913646221160889,4.0
7.919629335403442,317.0
7.923649549484253,76.0
7.926640272140503,4.0
7.932598352432251,321.0
7.9385809898376465,10.0
7.942627906799316,67.0
7.948609113693237,140.0
7.952840805053711,13.0
7.9558491706848145,4.0
7.96330189704895,310.0
7.966280698776245,4.0
7.9708027839660645,318.0
7.974696397781372,4.0
7.981470584869385,320.0
7.9837095737457275,3.0
7.989928722381592,338.0
7.9956676959991455,12.0
8.000800371170044,120.0
8.004747152328491,12.0
8.009802341461182,17.0
8.013694047927856,9.0
8.019679307937622,320.0
8.023801565170288,90.0
8.027812719345093,6.0
8.032798767089844,327.0
8.037785053253174,4.0
8.043046474456787,324.0
8.048054218292236,23.0
8.052026510238647,73.0
8.057710647583008,104.0
8.062691450119019,19.0
8.067677736282349,9.0
8.071666955947876,308.0
8.0776526927948,10.0
8.082655429840088,4.0
8.087624549865723,315.0
8.091613054275513,108.0
8.097599267959595,16.0
8.10059905052185,8.0
8.103582859039307,93.0
8.109565019607544,180.0
8.115601778030396,18.0
8.11953854560852,15.0
8.123529195785522,4.0
8.130517959594727,308.0
8.132505178451538,3.0
8.138489007949829,330.0
8.141491174697876,3.0
8.148590087890625,330.0
8.151596546173096,4.0
8.156688928604126,336.0
8.162666082382202,81.0
8.168641328811646,155.0
8.17263388633728,4.0
8.176619529724121,316.0
8.181607007980347,10.0
8.18460988998413,6.0
8.190582275390625,325.0
8.194571018218994,4.0
8.199653625488281,325.0
8.203645467758179,2.0
8.208653688430786,329.0
8.214611291885376,122.0
8.219597101211548,14.0
8.22458291053772,11.0
8.231567621231079,10.0
8.233559846878052,4.0
8.238547563552856,310.0
8.24253535270691,5.0
8.248519897460938,338.0
8.251535177230835,4.0
8.257651567459106,336.0
8.26255464553833,89.0
8.267540693283081,162.0
8.271541118621826,16.0
8.275518655776978,6.0
8.282517194747925,311.0
8.284502983093262,8.0
8.290478706359863,328.0
8.295468091964722,5.0
8.29965615272522,326.0
8.303656816482544,4.0
8.309656381607056,330.0
8.314659595489502,98.0
8.318631649017334,21.0
8.325616598129272,104.0
8.329606771469116,6.0
8.333620548248291,315.0
8.338493824005127,12.0
8.34354281425476,12.0
8.348525047302246,2.0
8.352519035339355,319.0
8.356504678726196,6.0
8.361656188964844,336.0
8.365650415420532,4.0
8.371660709381104,333.0
8.37669038772583,146.0
8.382643222808838,16.0
8.386734962463379,17.0
8.390722274780273,9.0
8.397327661514282,312.0
8.402040243148804,107.0
8.406732559204102,22.0
8.410736560821533,55.0
8.41573190689087,10.0
8.420733451843262,23.0
8.4246826171875,17.0
8.430692195892334,18.0
8.43567705154419,20.0
8.438697338104248,6.0
8.44468903541565,301.0
8.447695016860962,3.0
8.452674865722656,315.0
8.457799196243286,10.0
8.463991403579712,4.0
8.466949462890625,329.0
8.472928524017334,4.0
8.476918697357178,337.0
8.482903718948364,102.0
8.48673152923584,12.0
8.491866111755371,85.0
8.495864391326904,4.0
8.501348972320557,314.0
8.505822896957397,11.0
8.508822441101074,9.0
8.515818357467651,330.0
8.51923131942749,4.0
8.523833274841309,327.0
8.529195308685303,80.0
8.53419041633606,16.0
8.539256811141968,64.0
8.544020175933838,144.0
8.54901933670044,13.0
8.553999185562134,16.0
8.55800175666809,12.0
8.563978672027588,10.0
8.56598448753357,4.0
8.571798324584961,327.0
8.575700759887695,3.0
8.58186960220337,336.0
8.58486819267273,4.0
8.592768907546997,349.0
8.597769498825073,184.0
8.601746797561646,16.0
8.605736017227173,18.0
8.613726139068604,14.0
8.61670970916748,9.0
8.619820833206177,324.0
8.623803853988647,4.0
8.630629301071167,333.0
8.634577989578247,14.0
8.637689352035522,8.0
8.64304232597351,343.0
8.64913558959961,161.0
8.654119491577148,14.0
8.659106492996216,13.0
8.664108514785767,12.0
8.666711807250977,6.0
8.672797203063965,331.0
8.676393270492554,3.0
8.682390213012695,337.0
8.687564134597778,90.0
8.691589117050171,10.0
8.695626497268677,97.0
8.702767848968506,175.0
8.705759763717651,4.0
8.713795900344849,313.0
8.716708898544312,16.0
8.720100164413452,10.0
8.724694967269897,6.0
8.730452299118042,330.0
8.732428550720215,4.0
8.738411903381348,341.0
8.743410348892212,33.0
8.747389793395996,5.0
8.752375841140747,342.0
8.758360147476196,214.0
8.76534128189087,10.0
8.767337560653687,12.0
8.773571252822876,17.0
8.77755618095398,10.0
8.780641555786133,4.0
8.787577629089355,330.0
8.79058027267456,4.0
8.797582149505615,334.0
8.800549745559692,29.0
8.805536031723022,86.0
8.812915802001953,162.0
8.817704916000366,46.0
8.81973385810852,2.0
8.825731039047241,316.0
8.829576969146729,8.0
8.834596395492554,327.0
8.838552951812744,4.0
8.843570470809937,332.0
8.848547458648682,5.0
8.853546857833862,334.0
8.857502460479736,47.0
8.865539312362671,106.0
8.868603944778442,11.0
8.8716299533844,5.0
8.877725839614868,321.0
8.882753372192383,17.0
8.886723518371582,4.0
8.891726732254028,333.0
8.895703077316284,1.0
8.901691198348999,338.0
8.90472936630249,6.0
8.913748979568481,336.0
8.916741609573364,101.0
8.92104434967041,18.0
8.925735712051392,14.0
8.928749322891235,8.0
8.934731245040894,321.0
8.93874216079712,4.0
8.943726778030396,328.0
8.947717428207397,3.0
8.95370078086853,335.0
8.956697702407837,4.0
8.964672565460205,340.0
8.968676805496216,75.0
8.973796129226685,142.0
8.977719783782959,16.0
8.983710765838623,16.0
8.988690614700317,15.0
8.990684986114502,6.0
8.997687578201294,333.0
8.99968433380127,3.0
9.005803108215332,338.0
9.010803699493408,71.0
9.015696048736572,18.0
9.019718885421753,24.0
9.025848865509033,140.0
9.03174901008606,16.0
9.034746885299683,4.0
9.039724826812744,318.0
9.04503583908081,14.0
9.048032522201538,8.0
9.053802967071533,332.0
9.058167934417725,4.0
9.064161539077759,329.0
9.068141222000122,25.0
9.07269811630249,46.0
9.080682277679443,118.0
9.084692239761353,18.0
9.088660955429077,17.0
9.090654850006104,6.0
9.097706317901611,318.0
9.10169792175293,87.0
9.106823682785034,16.0
9.109714984893799,4.0
9.115731954574585,346.0
9.118738651275635,3.0
9.125688076019287,348.0
9.13166880607605,55.0
9.136838912963867,115.0
9.141727209091187,17.0
9.145724773406982,18.0
9.149822235107422,16.0
9.15503454208374,18.0
9.158705711364746,14.0
9.162694454193115,4.0
9.168677568435669,322.0
9.172667026519775,4.0
9.179655313491821,343.0
9.182716846466064,12.0
9.18767237663269,86.0
9.192770004272461,161.0
9.198777437210083,14.0
9.201778888702393,3.0
9.20768690109253,316.0
9.212727785110474,11.0
9.214720010757446,6.0
9.22068977355957,343.0
9.22473406791687,3.0
9.23171877861023,340.0
9.234822511672974,12.0
9.240809917449951,61.0
9.247716188430786,142.0
9.251695156097412,12.0
9.254684925079346,12.0
9.2592031955719,11.0
9.264200210571289,11.0
9.26738429069519,4.0
9.273367643356323,334.0
9.277357816696167,3.0
9.283342123031616,335.0
9.287330389022827,69.0
9.293314695358276,130.0
9.298303365707397,15.0
9.303287982940674,16.0
9.307278394699097,17.0
9.313444375991821,13.0
9.316418409347534,8.0
9.320707082748413,328.0
9.325345516204834,4.0
9.331329822540283,337.0
9.333325624465942,6.0
9.340306282043457,340.0
9.346290111541748,108.0
9.349730730056763,19.0
9.355312824249268,17.0
9.36029863357544,11.0
9.364364624023438,4.0
9.368489742279053,334.0
9.372731924057007,4.0
9.378736972808838,344.0
9.38367486000061,87.0
9.387662649154663,78.0
9.392337799072266,53.0
9.398457288742065,73.0
9.402555227279663,115.0
9.408438920974731,16.0
9.412421703338623,6.0
9.417708396911621,322.0
9.423515319824219,109.0
9.428040504455566,31.0
9.433031797409058,25.0
9.437570333480835,25.0
9.442343950271606,21.0
9.445709228515625,23.0
9.450800895690918,79.0
9.45660400390625,48.0
9.4595947265625,6.0
9.464663028717041,313.0
9.468502283096313,4.0
9.474562168121338,333.0
9.481561660766602,8.0
9.484542846679688,333.0
9.486693382263184,6.0
9.493525266647339,345.0
9.496517896652222,1.0
9.502506256103516,352.0
9.507488250732422,41.0
9.514840364456177,119.0
9.517833948135376,16.0
9.521823167800903,14.0
9.526708602905273,13.0
9.531690835952759,12.0
9.534681558609009,6.0
9.54066801071167,333.0
9.54469347000122,5.0
9.54967999458313,348.0
9.553670167922974,7.0
9.559654951095581,344.0
9.565657138824463,126.0
9.569626331329346,14.0
9.572646617889404,5.0
9.579600095748901,322.0
9.584585189819336,6.0
9.587615728378296,341.0
9.591571807861328,6.0
9.598548650741577,347.0
9.600545406341553,4.0
9.606751918792725,348.0
9.612730979919434,73.0
9.617730140686035,137.0
9.621991872787476,16.0
9.626726150512695,13.0
9.630752563476562,9.0
9.63574481010437,339.0
9.639751434326172,8.0
9.646183013916016,346.0
9.649703979492188,3.0
9.654968023300171,352.0
9.659991264343262,16.0
9.66369342803955,63.0
9.669731616973877,108.0
9.674973249435425,21.0
9.681031465530396,16.0
9.683761358261108,10.0
9.688717365264893,11.0
9.692696332931519,5.0
9.697722434997559,339.0
9.701756238937378,4.0
9.70674204826355,354.0
9.710732221603394,4.0
9.716678142547607,346.0
9.723018884658813,107.0
9.727303981781006,30.0
9.731296062469482,6.0
9.736294984817505,328.0
9.740395069122314,4.0
9.7478609085083,334.0
9.750835180282593,3.0
9.75482177734375,342.0
9.75946044921875,4.0
9.765933990478516,346.0
9.767929792404175,4.0
9.773913145065308,347.0
9.782899141311646,149.0
9.784884214401245,7.0
9.788878202438354,329.0
9.792861700057983,4.0
9.797858238220215,336.0
9.801704168319702,4.0
9.807685613632202,350.0
9.810674667358398,3.0
9.817646026611328,349.0
9.820638656616211,4.0
9.826622724533081,365.0
9.831608295440674,103.0
9.83759331703186,115.0
9.842578411102295,40.0
9.84856367111206,38.0
9.851566076278687,43.0
9.856541633605957,38.0
9.861529111862183,37.0
9.86665415763855,38.0
9.87066650390625,30.0
9.876605749130249,39.0
9.880486488342285,29.0
9.885605335235596,33.0
9.88959288597107,34.0
9.893882513046265,29.0
9.898870468139648,26.0
9.90385913848877,25.0
9.907845497131348,18.0
9.91283106803894,14.0
9.917817831039429,11.0
9.92180848121643,4.0
9.926795959472656,348.0
9.930786371231079,11.0
9.935769319534302,62.0
9.941756010055542,118.0
9.947883129119873,16.0
9.950654983520508,17.0
9.955800294876099,12.0
9.958883047103882,5.0
9.964871644973755,347.0
9.968859672546387,4.0
9.974843502044678,348.0
9.977836608886719,4.0
9.983819484710693,352.0
9.988807201385498,36.0
9.992796421051025,96.0
9.999802112579346,171.0
10.004782438278198,112.0
10.009771585464478,35.0
10.014777660369873,34.0
10.01874828338623,36.0
10.02365231513977,30.0
10.027663707733154,34.0
10.03264856338501,32.0
10.037639617919922,33.0
10.042659282684326,27.0
10.048689126968384,30.0
10.05167293548584,26.0
10.056675672531128,28.0
10.060648441314697,28.0
10.065635204315186,18.0
10.070733547210693,22.0
10.074860572814941,21.0
10.079850196838379,15.0
10.08483362197876,14.0
10.08882451057434,6.0
10.093822479248047,358.0
10.097800254821777,7.0
10.102786779403687,360.0
10.107773542404175,65.0
10.115766048431396,146.0
10.116657733917236,5.0
10.122677326202393,329.0
10.126668453216553,6.0
10.131647825241089,330.0
10.136698246002197,14.0
10.14273738861084,106.0
10.147694110870361,41.0
10.151653289794922,36.0
10.156637907028198,37.0
10.162626028060913,36.0
10.166607141494751,24.0
10.170729160308838,22.0
10.175655364990234,18.0
10.181405305862427,13.0
10.183656215667725,5.0
10.189655065536499,334.0
10.193643569946289,26.0
10.197737693786621,3.0
10.203656196594238,348.0
10.206666707992554,2.0
10.213670492172241,350.0
10.217731714248657,73.0
10.22275161743164,122.0
10.227680683135986,11.0
10.232689380645752,88.0
10.236657857894897,6.0
10.242048263549805,334.0
10.247039794921875,6.0
10.250711441040039,344.0
10.255839347839355,4.0
10.260737419128418,357.0
10.265745401382446,12.0
10.269708156585693,46.0
10.27579665184021,92.0
10.281735897064209,194.0
10.285726547241211,26.0
10.28971529006958,20.0
10.298692464828491,110.0
10.30068588256836,42.0
10.304689168930054,47.0
10.310662508010864,41.0
10.315644979476929,38.0
10.318638801574707,32.0
10.323625326156616,28.0
10.33062744140625,27.0
10.333597898483276,25.0
10.337587118148804,16.0
10.34257435798645,10.0
10.349555015563965,10.0
10.352559089660645,110.0
10.358267307281494,43.0
10.363727569580078,46.0
10.367703914642334,32.0
10.371672868728638,33.0
10.376664638519287,30.0
10.381672143936157,23.0
10.385832786560059,22.0
10.390846014022827,15.0
10.394842386245728,10.0
10.399827480316162,33.0
10.404814004898071,58.0
10.407655239105225,8.0
10.414644479751587,332.0
10.417646408081055,8.0
10.422890186309814,341.0
10.426630973815918,6.0
10.432626008987427,346.0
10.435620784759521,6.0
10.441827297210693,354.0
10.449051141738892,41.0
10.451870203018188,102.0
10.457084894180298,18.0
10.461627006530762,25.0
10.464670181274414,6.0
10.470637559890747,341.0
10.474615812301636,8.0
10.480614185333252,344.0
10.483604192733765,5.0
10.489659786224365,350.0
10.49365496635437,10.0
10.498637199401855,34.0
10.503743886947632,79.0
10.51068663597107,173.0
10.514674425125122,58.0
10.519736528396606,75.0
10.522722482681274,9.0
10.527709245681763,339.0
10.532696962356567,10.0
10.53668761253357,8.0
10.54197359085083,349.0
10.545693397521973,8.0
10.551676273345947,355.0
10.55574893951416,28.0
10.563684225082397,50.0
10.566706418991089,117.0
10.572118759155273,39.0
10.575560331344604,60.0
10.580507278442383,6.0
10.586755752563477,344.0
10.589690685272217,14.0
10.595975399017334,11.0
10.59995698928833,12.0
10.603947401046753,10.0
10.609691143035889,20.0
10.614692211151123,48.0
10.618667125701904,97.0
10.623654842376709,153.0
10.628742694854736,92.0
10.634730577468872,129.0
10.638742923736572,52.0
10.643752336502075,52.0
10.648670196533203,42.0
10.653017520904541,42.0
10.657708406448364,44.0
10.663712978363037,30.0
10.667702913284302,32.0
10.672690391540527,27.0
10.67667818069458,24.0
10.681665658950806,15.0
10.685653448104858,36.0
10.690642833709717,60.0
10.695634603500366,12.0
10.69963812828064,12.0
10.704603433609009,11.0
10.708592653274536,13.0
10.714600563049316,10.0
10.718567848205566,12.0
10.723552465438843,30.0
10.727544069290161,61.0
10.733526229858398,118.0
10.738512754440308,30.0
10.743500471115112,109.0
10.74873685836792,53.0
10.75354290008545,48.0
10.758740186691284,48.0
10.763591527938843,44.0
10.76758360862732,45.0
10.77260422706604,41.0
10.77660059928894,33.0
10.782350540161133,32.0
10.786338090896606,23.0
10.790327787399292,26.0
10.797319889068604,22.0
10.800313472747803,81.0
10.804291248321533,97.0
10.809277057647705,16.0
10.815261840820312,16.0
10.819251775741577,14.0
10.824237585067749,16.0
10.829225063323975,13.0
10.83520793914795,10.0
10.83820104598999,29.0
10.843188047409058,62.0
10.849194765090942,108.0
10.853159427642822,29.0
10.85914397239685,133.0
10.865127801895142,54.0
10.869117975234985,58.0
10.873106479644775,54.0
10.878092765808105,52.0
10.88208293914795,47.0
10.887069940567017,45.0
10.892089605331421,43.0
10.89712381362915,34.0
10.90108346939087,24.0
10.906056642532349,27.0
10.91004729270935,21.0
10.91503357887268,36.0
10.920190811157227,38.0
10.925157308578491,39.0
10.929146766662598,22.0
10.934134483337402,20.0
10.939199686050415,20.0
10.942651510238647,18.0
10.948638916015625,21.0
10.952650547027588,12.0
10.956677436828613,20.0
10.962772846221924,24.0
10.966752052307129,67.0
10.971765279769897,102.0
10.976678371429443,59.0
10.981704473495483,19.0
10.985703945159912,24.0
10.99105191230774,26.0
10.995687484741211,20.0
11.000688552856445,20.0
11.00468397140503,26.0
11.009650468826294,20.0
11.0146484375,18.0
11.018630743026733,20.0
11.023694276809692,32.0
11.030609846115112,60.0
11.033586978912354,97.0
11.038649082183838,168.0
11.044333696365356,96.0
11.049326419830322,26.0
11.052339315414429,28.0
11.058315515518188,25.0
11.063785791397095,18.0
11.067020416259766,27.0
11.072327852249146,18.0
11.077321529388428,19.0
11.081312656402588,17.0
11.087294340133667,24.0
11.091284275054932,69.0
11.095273494720459,94.0
11.101258993148804,183.0
11.106552362442017,22.0
11.110545635223389,26.0
11.115647077560425,26.0
11.119626760482788,23.0
11.125653266906738,28.0
11.12964677810669,24.0
11.133522987365723,19.0
11.13851523399353,20.0
11.142708778381348,21.0
11.148670673370361,35.0
11.152765989303589,55.0
11.15668773651123,98.0
11.163817405700684,170.0
11.168725728988647,114.0
11.17374873161316,65.0
11.178700685501099,72.0
11.182720422744751,59.0
11.187732458114624,60.0
11.1917142868042,61.0
11.19768762588501,54.0
11.201807737350464,58.0
11.207017183303833,51.0
11.21072244644165,48.0
11.21670913696289,40.0
11.221034526824951,36.0
11.225028991699219,33.0
11.232045650482178,66.0
11.237031698226929,102.0
11.24098539352417,66.0
11.245211124420166,70.0
11.250638246536255,62.0
11.254844903945923,61.0
11.258877277374268,58.0
11.264729261398315,60.0
11.269800424575806,52.0
11.272790670394897,41.0
11.278781652450562,44.0
11.282774925231934,35.0
11.287751197814941,36.0
11.291740894317627,39.0
11.298718929290771,123.0
11.302817583084106,71.0
11.307453393936157,74.0
11.31175708770752,66.0
11.317076921463013,66.0
11.321125030517578,65.0
11.326149702072144,50.0
11.331100225448608,55.0
11.33508849143982,58.0
11.34007477760315,48.0
11.345062494277954,42.0
11.349051475524902,35.0
11.354037523269653,48.0
11.359025239944458,61.0
11.365055561065674,142.0
11.369028806686401,69.0
11.374014854431152,75.0
11.381088495254517,61.0
11.38308048248291,68.0
11.388060331344604,54.0
11.392723321914673,60.0
11.398218631744385,54.0
11.401666402816772,49.0
11.407658338546753,44.0
11.411642789840698,46.0
11.415671586990356,36.0
11.420619010925293,76.0
11.429615020751953,102.0
11.432603597640991,69.0
11.435609817504883,74.0
11.440703868865967,68.0
11.444706916809082,68.0
11.449712038040161,69.0
11.45470404624939,60.0
11.458704233169556,56.0
11.464697360992432,48.0
11.468712329864502,42.0
11.472712755203247,40.0
11.47770380973816,44.0
11.4826979637146,50.0
11.488712310791016,129.0
11.492703676223755,74.0
11.497706890106201,74.0
11.502704620361328,73.0
11.50770616531372,61.0
11.5117347240448,66.0
11.516679525375366,58.0
11.520744800567627,55.0
11.526994705200195,46.0
11.532020330429077,48.0
11.53597617149353,47.0
11.540692567825317,38.0
11.544744491577148,84.0
11.550666809082031,88.0
11.553656578063965,34.0
11.558951377868652,37.0
11.564941167831421,39.0
11.567931175231934,37.0
11.57279896736145,33.0
11.5788254737854,34.0
11.582817792892456,35.0
11.586824655532837,33.0
11.591822385787964,30.0
11.596676588058472,31.0
11.600727319717407,37.0
11.605655431747437,78.0
11.611785650253296,104.0
11.616641283035278,143.0
11.621803045272827,75.0
11.626796245574951,75.0
11.631366491317749,68.0
11.636353969573975,64.0
11.64134168624878,72.0
11.645329475402832,60.0
11.650315999984741,58.0
11.65430474281311,51.0
11.660289525985718,54.0
11.66527533531189,42.0
11.669265747070312,55.0
11.674252271652222,57.0
11.680254220962524,137.0
11.68422532081604,82.0
11.689211368560791,89.0
11.69332218170166,72.0
11.698307275772095,77.0
11.703405380249023,64.0
11.708400249481201,64.0
11.712536811828613,60.0
11.716527938842773,59.0
11.72193169593811,55.0
11.72682809829712,49.0
11.732353210449219,44.0
11.736321926116943,56.0
11.740312099456787,68.0
11.745296239852905,39.0
11.750282764434814,45.0
11.754272937774658,42.0
11.758334636688232,43.0
11.764431953430176,44.0
11.767704963684082,40.0
11.772696256637573,42.0
11.777706384658813,36.0
11.782719373703003,32.0
11.787005424499512,34.0
11.791749238967896,36.0
11.797667264938354,42.0
11.801435232162476,45.0
11.80753207206726,90.0
11.811526775360107,138.0
11.8166663646698,53.0
11.821253776550293,49.0
11.826248168945312,50.0
11.831368446350098,50.0
11.835343837738037,42.0
11.83936619758606,36.0
11.845314502716064,37.0
11.849305629730225,34.0
11.854290246963501,33.0
11.859278440475464,26.0
11.863268613815308,65.0
11.868253946304321,53.0
11.874361515045166,105.0
11.880399227142334,52.0
11.883687019348145,50.0
11.8877432346344,46.0
11.89266061782837,45.0
11.897668600082397,39.0
11.901638507843018,45.0
11.906638383865356,45.0
11.91062879562378,43.0
11.915636777877808,38.0
11.921727180480957,130.0
11.927360534667969,70.0
11.931356430053711,56.0
11.93599820137024,53.0
11.941744804382324,100.0
11.947680473327637,82.0
11.950730562210083,85.0
11.956066608428955,84.0
11.961058855056763,72.0
11.965047121047974,73.0
11.970032930374146,72.0
11.976104974746704,76.0
11.98009443283081,65.0
11.98417329788208,59.0
11.989606857299805,145.0
11.996687412261963,423.0
12.002068519592285,386.0
12.006063222885132,41.0
12.011084794998169,69.0
12.017056465148926,100.0
12.022064924240112,57.0
12.026054859161377,53.0
12.031067609786987,53.0
12.036028623580933,48.0
12.04001760482788,66.0
12.04500412940979,40.0
12.049997329711914,45.0
12.054211616516113,39.0
12.059338808059692,34.0
12.064981460571289,23.0
12.067979097366333,29.0
12.073964357376099,64.0
12.07894778251648,101.0
12.083934545516968,64.0
12.087926387786865,59.0
12.093130350112915,52.0
12.098689317703247,50.0
12.102676391601562,48.0
12.10670781135559,47.0
12.113810300827026,45.0
12.116804838180542,41.0
12.121098518371582,45.0
12.126094341278076,40.0
12.131703853607178,33.0
12.13479495048523,42.0
12.13993239402771,96.0
12.14781141281128,120.0
12.152800559997559,117.0
12.156046867370605,86.0
12.160810470581055,82.0
12.165813684463501,76.0
12.17281985282898,186.0
12.176819562911987,421.0
12.182790994644165,380.0
12.187817573547363,43.0
12.192802906036377,40.0
12.198689937591553,30.0
12.203663349151611,154.0
12.207801580429077,62.0
12.213608026504517,68.0
12.217629432678223,65.0
12.221974849700928,56.0
12.226967334747314,62.0
12.23130989074707,53.0
12.236297607421875,57.0
12.241402864456177,56.0
12.246863603591919,50.0
12.249741077423096,53.0
12.254733800888062,45.0
12.260058641433716,45.0
12.265051126480103,35.0
12.268733501434326,40.0
12.275673389434814,46.0
12.278666019439697,67.0
12.284650087356567,100.0
12.288640022277832,60.0
12.293819189071655,57.0
12.298802375793457,52.0
12.302789688110352,55.0
12.307816505432129,44.0
12.312530517578125,51.0
12.316680908203125,55.0
12.321983337402344,44.0
12.327058792114258,85.0
12.332078456878662,46.0
12.336815118789673,50.0
12.340176582336426,66.0
12.344811201095581,81.0
12.3507981300354,170.0
12.355779647827148,65.0
12.359771490097046,62.0
12.365755081176758,43.0
12.369744777679443,43.0
12.373732328414917,58.0
12.380733013153076,50.0
12.383707761764526,46.0
12.387697219848633,76.0
12.392682790756226,48.0
12.39873743057251,46.0
12.40174651145935,49.0
12.407763719558716,56.0
12.411738634109497,89.0
12.417686223983765,135.0
12.42168664932251,51.0
12.428934097290039,53.0
12.432917356491089,64.0
12.435744285583496,63.0
12.440704584121704,56.0
12.445713520050049,43.0
12.449947834014893,46.0
12.454968452453613,49.0
12.460009574890137,46.0
12.465633630752563,45.0
12.469627141952515,51.0
12.473984479904175,54.0
12.480981588363647,80.0
12.483706712722778,143.0
12.489222526550293,68.0
12.494284629821777,73.0
12.498358488082886,68.0
12.5022611618042,51.0
12.508246898651123,47.0
12.513244867324829,52.0
12.517221927642822,52.0
12.522208452224731,45.0
12.527195692062378,42.0
12.531185388565063,46.0
12.536171436309814,46.0
12.541158437728882,61.0
12.545146465301514,76.0
12.551364421844482,173.0
12.556300163269043,60.0
12.56098484992981,50.0
12.56497049331665,61.0
12.569742202758789,65.0
12.574744939804077,64.0
12.580991983413696,53.0
12.584972858428955,157.0
12.589702844619751,83.0
12.598687887191772,70.0
12.600679874420166,180.0
12.606093645095825,106.0
12.613086938858032,403.0
12.617066621780396,92.0
12.623212099075317,102.0
12.627678155899048,64.0
12.632665872573853,62.0
12.636651754379272,59.0
12.640703201293945,53.0
12.648709774017334,59.0
12.650686264038086,64.0
12.65571141242981,49.0
12.660712003707886,161.0
12.665685415267944,79.0
12.670713663101196,73.0
12.677689552307129,136.0
12.682687282562256,109.0
12.687668561935425,407.0
12.693711280822754,138.0
12.698700904846191,68.0
12.703687906265259,64.0
12.707703113555908,68.0
12.71366548538208,47.0
12.717597723007202,52.0
12.721659183502197,53.0
12.72761058807373,50.0
12.732595205307007,54.0
12.736620426177979,44.0
12.74061632156372,55.0
12.747693538665771,46.0
12.750669240951538,40.0
12.755759239196777,77.0
12.76070785522461,132.0
12.766712188720703,62.0
12.77023434638977,56.0
12.77522611618042,62.0
12.781213521957397,74.0
12.785202503204346,52.0
12.789208173751831,58.0
12.793798685073853,61.0
12.799806833267212,60.0
12.8027982711792,55.0
12.808337926864624,57.0
12.813638925552368,52.0
12.817893743515015,58.0
12.821989059448242,63.0
12.828859090805054,97.0
12.832865476608276,182.0
12.837048768997192,67.0
12.841820001602173,71.0
12.847685098648071,68.0
12.850691795349121,66.0
12.856723546981812,52.0
12.860861778259277,66.0
12.864872694015503,66.0
12.869872808456421,56.0
12.876457691192627,106.0
12.882437229156494,81.0
12.884409427642822,82.0
12.889396905899048,71.0
12.896378993988037,85.0
12.898375511169434,77.0
12.903363466262817,67.0
12.909345865249634,69.0
12.912473917007446,67.0
12.918357372283936,57.0
12.92255711555481,55.0
12.926552534103394,56.0
12.93246054649353,67.0
12.93697452545166,60.0
12.941723823547363,68.0
12.947509527206421,61.0
12.951476097106934,65.0
12.956399202346802,71.0
12.961387634277344,150.0
12.967385530471802,74.0
12.970481872558594,70.0
12.976622819900513,65.0
12.98061466217041,65.0
12.98586106300354,67.0
12.989856243133545,56.0
12.9937105178833,60.0
12.998908996582031,66.0
13.004387855529785,58.0
13.008375644683838,76.0
13.013547897338867,59.0
13.017728328704834,56.0
13.021739482879639,70.0
13.02863335609436,120.0
13.032650232315063,79.0
13.037800788879395,69.0
13.041658878326416,68.0
13.047666311264038,73.0
13.051673889160156,67.0
13.05562710762024,72.0
13.06064772605896,62.0
13.065600633621216,72.0
13.069588661193848,53.0
13.075788497924805,166.0
13.081779718399048,85.0
13.085761070251465,72.0
13.090752601623535,90.0
13.096742630004883,91.0
13.09972333908081,72.0
13.105706691741943,91.0
13.108715295791626,75.0
13.114683866500854,68.0
13.118695497512817,56.0
13.122750282287598,66.0
13.128752708435059,62.0
13.132728576660156,70.0
13.136728048324585,64.0
13.141722679138184,57.0
13.148747444152832,67.0
13.150749683380127,60.0
13.157289505004883,125.0
13.16237497329712,86.0
13.166728734970093,70.0
13.170465230941772,76.0
13.175459384918213,72.0
13.181336879730225,68.0
13.18538212776184,124.0
13.19071340560913,91.0
13.196703433990479,82.0
13.200709104537964,92.0
13.205173015594482,88.0
13.210159540176392,81.0
13.217176914215088,201.0
13.222208023071289,109.0
13.228740215301514,424.0
13.23274564743042,91.0
13.238818168640137,178.0
13.243057489395142,83.0
13.247575759887695,69.0
13.25256872177124,78.0
13.257251977920532,74.0
13.261537790298462,72.0
13.265716075897217,62.0
13.270910501480103,70.0
13.275912761688232,70.0
13.279691696166992,66.0
13.284699201583862,62.0
13.289666652679443,67.0
13.29666543006897,61.0
13.299659490585327,82.0
13.305623292922974,113.0
13.311825037002563,111.0
13.316820621490479,102.0
13.3228280544281,436.0
13.328796863555908,401.0
13.332774877548218,78.0
13.3378267288208,70.0
13.34281873703003,76.0
13.347673892974854,60.0
13.35265851020813,64.0
13.356797218322754,54.0
13.360685348510742,56.0
13.36577033996582,67.0
13.371050596237183,70.0
13.376835346221924,169.0
13.38187861442566,83.0
13.385805368423462,78.0
13.39079236984253,76.0
13.396796464920044,78.0
13.39976716041565,60.0
13.404753923416138,68.0
13.40874457359314,74.0
13.414727687835693,64.0
13.419716596603394,93.0
13.423988342285156,66.0
13.428690671920776,65.0
13.433676719665527,68.0
13.437691450119019,69.0
13.442069053649902,98.0
13.448857545852661,109.0
13.453828811645508,94.0
13.457640409469604,84.0
13.46560549736023,126.0
13.468608140945435,106.0
13.474581956863403,445.0
13.481562376022339,409.0
13.485551595687866,72.0
13.489540576934814,66.0
13.495541095733643,68.0
13.50051236152649,71.0
13.504502534866333,60.0
13.508490800857544,86.0
13.515483617782593,68.0
13.519460916519165,81.0
13.523452043533325,108.0
13.530434370040894,82.0
13.53345775604248,81.0
13.537606239318848,83.0
13.542723178863525,81.0
13.547689199447632,77.0
13.553608655929565,181.0
13.559973239898682,102.0
13.566960096359253,451.0
13.57094931602478,412.0
13.57593584060669,73.0
13.58194375038147,66.0
13.584917068481445,61.0
13.589743852615356,71.0
13.594743490219116,69.0
13.599657773971558,98.0
13.604715347290039,158.0
13.610621690750122,204.0
13.617599725723267,117.0
13.622552156448364,434.0
13.630550384521484,406.0
13.633695840835571,80.0
13.637653827667236,80.0
13.642740964889526,72.0
13.647578001022339,74.0
13.651601552963257,75.0
13.657649278640747,180.0
13.665163516998291,102.0
13.670004606246948,470.0
13.67640209197998,429.0
13.681528806686401,87.0
13.685489416122437,84.0
13.690855026245117,129.0
13.697742223739624,83.0
13.700741291046143,81.0
13.704736232757568,88.0
13.709737539291382,78.0
13.715675115585327,75.0
13.718665838241577,81.0
13.723669052124023,71.0
13.72854495048523,72.0
13.733933448791504,75.0
13.73785400390625,74.0
13.743699550628662,173.0
13.748727798461914,94.0
13.755469560623169,158.0
13.76366639137268,119.0
13.766648530960083,443.0
13.771820306777954,160.0
13.7770414352417,86.0
13.782032489776611,76.0
13.785678386688232,79.0
13.791166305541992,86.0
13.79669451713562,72.0
13.800679922103882,78.0
13.805626392364502,80.0
13.811610460281372,78.0
13.815624237060547,77.0
13.819594860076904,74.0
13.823760271072388,69.0
13.828567266464233,70.0
13.834550619125366,101.0
13.838537216186523,96.0
13.84370470046997,96.0
13.848652839660645,81.0
13.85280966758728,86.0
13.858654260635376,91.0
13.864633798599243,80.0
13.867010593414307,84.0
13.871528625488281,85.0
13.876821517944336,70.0
13.881524324417114,69.0
13.886687994003296,80.0
13.89067268371582,69.0
13.894784450531006,78.0
13.899778366088867,98.0
13.905757904052734,104.0
13.910744190216064,92.0
13.914734840393066,86.0
13.92272162437439,95.0
13.924708127975464,98.0
13.93070101737976,78.0
13.933726787567139,80.0
13.938709020614624,86.0
13.94275188446045,78.0
13.948695421218872,70.0
13.95279598236084,78.0
13.957704305648804,73.0
13.962467908859253,74.0
13.967456817626953,85.0
13.971444606781006,92.0
13.977431058883667,144.0
13.982451438903809,90.0
13.98757004737854,88.0
13.99170446395874,98.0
13.995699882507324,82.0
14.000978469848633,79.0
14.006685733795166,93.0
14.009741067886353,73.0
14.015660047531128,74.0
14.020650625228882,72.0
14.02363896369934,67.0
14.03161883354187,73.0
14.033612251281738,79.0
14.037747144699097,82.0
14.043733358383179,135.0
14.048755168914795,87.0
14.054030179977417,92.0
14.061631679534912,96.0
14.065637111663818,82.0
14.06770658493042,81.0
14.071746826171875,89.0
14.07670259475708,78.0
14.081690549850464,74.0
14.08568024635315,78.0
14.09166407585144,64.0
14.09565258026123,72.0
14.100639343261719,79.0
14.105661153793335,101.0
14.11272144317627,104.0
14.117740869522095,129.0
14.124267578125,450.0
14.131357192993164,405.0
14.135481834411621,90.0
14.138514041900635,89.0
14.143728971481323,84.0
14.14889645576477,77.0
14.152727842330933,88.0
14.15873384475708,129.0
14.164621114730835,110.0
14.17068862915039,138.0
14.176750659942627,445.0
14.182714223861694,92.0
14.186752796173096,198.0
14.191967248916626,90.0
14.197970390319824,86.0
14.20094919204712,98.0
14.205736875534058,88.0
14.210729837417603,92.0
14.21669316291809,97.0
14.219740629196167,82.0
14.224689483642578,88.0
14.230679988861084,78.0
14.234663009643555,76.0
14.238651752471924,83.0
14.243730545043945,76.0
14.248738050460815,83.0
14.252687692642212,88.0
14.258745908737183,116.0
14.264559030532837,101.0
14.270823001861572,222.0
14.27724552154541,449.0
14.283235311508179,419.0
14.28822135925293,181.0
14.294203281402588,122.0
14.300848245620728,459.0
14.305665731430054,429.0
14.311811447143555,78.0
14.315800905227661,82.0
14.319814682006836,81.0
14.324645042419434,81.0
14.33064317703247,82.0
14.33461618423462,82.0
14.33860731124878,99.0
14.34660792350769,146.0
14.350593090057373,176.0
14.356557369232178,122.0
14.361573696136475,453.0
14.367568492889404,425.0
14.372517824172974,94.0
14.378623962402344,93.0
14.382647514343262,98.0
14.386909484863281,82.0
14.391912460327148,90.0
14.39888620376587,94.0
14.40087604522705,74.0
14.405863046646118,79.0
14.410849332809448,82.0
14.414841413497925,90.0
14.420748710632324,102.0
14.426681280136108,212.0
14.432671546936035,134.0
14.438635110855103,449.0
14.447627067565918,416.0
14.450600624084473,100.0
14.455591440200806,131.0
14.462570667266846,470.0
14.467557191848755,428.0
14.47255277633667,87.0
14.47806978225708,89.0
14.483055591583252,97.0
14.487045049667358,84.0
14.492032289505005,85.0
14.497032642364502,90.0
14.500725269317627,80.0
14.507094144821167,120.0
14.51356554031372,109.0
14.518670797348022,124.0
14.524683237075806,459.0
14.530645370483398,422.0
14.53572702407837,102.0
14.542705297470093,127.0
14.548704385757446,463.0
14.5536527633667,427.0
14.558675050735474,86.0
14.563681602478027,95.0
14.56765627861023,93.0
14.573930263519287,115.0
14.580681800842285,108.0
14.586749792098999,141.0
14.59237813949585,452.0
14.597379207611084,152.0
14.603428602218628,105.0
14.609423160552979,128.0
14.615414142608643,470.0
14.620744943618774,436.0
14.626773595809937,102.0
14.632792711257935,132.0
14.639521360397339,470.0
14.645854949951172,445.0
14.649833679199219,90.0
14.653822422027588,82.0
14.658812522888184,86.0
14.66380524635315,83.0
14.668797969818115,91.0
14.67382001876831,119.0
14.68110203742981,107.0
14.686043977737427,122.0
14.690719842910767,460.0
14.697687149047852,422.0
14.702775716781616,103.0
14.708786487579346,132.0
14.715761661529541,476.0
14.720751762390137,440.0
14.726735830307007,110.0
14.733066082000732,128.0
14.738881587982178,489.0
14.743835687637329,446.0
14.748857259750366,84.0
14.753807306289673,90.0
14.759884357452393,114.0
14.76570987701416,118.0
14.771703004837036,137.0
14.777500629425049,460.0
14.782895565032959,433.0
14.789123058319092,104.0
14.794795989990234,136.0
14.80079698562622,467.0
14.8068208694458,435.0
14.815679788589478,104.0
14.818506240844727,124.0
14.823808908462524,486.0
14.83062219619751,452.0
14.83515191078186,93.0
14.840139150619507,96.0
14.844130992889404,97.0
14.850112438201904,115.0
14.856096506118774,124.0
14.863540172576904,135.0
14.86751651763916,469.0
14.873797416687012,428.0
14.881658792495728,114.0
14.886840343475342,124.0
14.892664909362793,475.0
14.897956609725952,445.0
14.901816368103027,97.0
14.908519268035889,101.0
14.914649963378906,128.0
14.919801473617554,502.0
14.925811529159546,453.0
14.929692268371582,92.0
14.935685873031616,92.0
14.940798997879028,145.0
14.947773933410645,116.0
14.952742338180542,135.0
14.958725214004517,464.0
14.964729309082031,436.0
14.969695329666138,120.0
14.975680589675903,138.0
14.981762886047363,474.0
14.98780345916748,451.0
14.99563717842102,105.0
14.99964427947998,118.0
15.005791664123535,484.0
15.011717319488525,457.0
15.016683101654053,106.0
15.022660732269287,115.0
15.030643939971924,153.0
15.035627841949463,476.0
15.040797710418701,360.0
15.048803091049194,115.0
15.052788972854614,123.0
15.058772802352905,482.0
15.06544804573059,439.0
15.069767475128174,107.0
15.075547933578491,127.0
15.082528114318848,488.0
15.087799787521362,452.0
15.096681356430054,101.0
15.099684715270996,121.0
15.106043338775635,139.0
15.111032962799072,463.0
15.117017030715942,159.0
15.123000860214233,125.0
15.130980730056763,130.0
15.134971141815186,476.0
15.141143083572388,440.0
15.14814829826355,113.0
15.153117895126343,132.0
15.159101486206055,478.0
15.165084600448608,448.0
15.169694900512695,97.0
15.174816846847534,90.0
15.180801391601562,106.0
15.186713695526123,192.0
15.190818309783936,144.0
15.1986985206604,464.0
15.203294038772583,141.0
15.208770275115967,117.0
15.215120553970337,133.0
15.221121788024902,474.0
15.22709035873413,440.0
15.233072757720947,115.0
15.238792181015015,137.0
15.243815422058105,491.0
15.249770879745483,451.0
15.255789518356323,109.0
15.265074491500854,136.0
15.268065929412842,500.0
15.27387523651123,465.0
15.280836582183838,104.0
15.28609323501587,128.0
15.292686462402344,149.0
15.298687219619751,469.0
15.302659511566162,244.0
15.308653354644775,122.0
15.315645456314087,142.0
15.321608781814575,485.0
15.326598882675171,453.0
15.332582712173462,117.0
15.338562250137329,145.0
15.343549966812134,488.0
15.349534511566162,450.0
15.354552268981934,97.0
15.364500284194946,112.0
15.366430521011353,129.0
15.372417211532593,176.0
15.378401041030884,474.0
15.38511872291565,142.0
15.390105485916138,114.0
15.397102117538452,157.0
15.402073621749878,483.0
15.408057451248169,445.0
15.414058208465576,116.0
15.420026063919067,149.0
15.42600965499878,490.0
15.431994676589966,452.0
15.437977313995361,106.0
15.442965269088745,142.0
15.448951721191406,494.0
15.455082416534424,458.0
